{"area_office":{"3%":0.0833333333,"5%":0.0833333333,"50%":0.2166666667,"95%":0.9166666667,"97%":1.0666666667,"count":13976383.333333334,"max":12.6,"mean":0.3188856883,"min":0.05,"std":0.2787938483},"area_room_1":{"3%":0.0333333333,"5%":0.0333333333,"50%":0.0833333333,"95%":0.6333333333,"97%":0.75,"count":10030433.333333334,"max":8.0833333333,"mean":0.16562193,"min":0.0166666667,"std":0.244300395},"area_room_2":{"3%":0.25,"5%":0.25,"50%":0.3833333333,"95%":1.5166666667,"97%":1.7166666667,"count":14078133.333333334,"max":22.4,"mean":0.5658468967,"min":0.05,"std":0.4485857833},"area_room_3":{"3%":0.0333333333,"5%":0.0333333333,"50%":0.3333333333,"95%":0.95,"97%":1.0333333333,"count":4375733.333333333,"max":1.9,"mean":0.3499423583,"min":0.0166666667,"std":0.279855195},"area_room_4":{"3%":0.1166666667,"5%":0.1333333333,"50%":5.3833333333,"95%":7.6833333333,"97%":8.2,"count":2643450.0,"max":13.5,"mean":4.4914795683,"min":0.05,"std":2.5156569233},"circulation_pump":{"3%":0.0166666667,"5%":0.0166666667,"50%":0.0166666667,"95%":0.05,"97%":0.05,"count":44922700.0,"max":0.5333333333,"mean":0.0222416633,"min":0.0166666667,"std":0.0123032817},"compressor":{"3%":0.1333333333,"5%":0.1333333333,"50%":0.5166666667,"95%":3.9,"97%":4.1666666667,"count":11524950.0,"max":85.4166666667,"mean":1.181854585,"min":0.0833333333,"std":1.2444309883},"cooling_aggregate":{"3%":0.1166666667,"5%":0.1333333333,"50%":0.5166666667,"95%":8.8666666667,"97%":9.1166666667,"count":4683050.0,"max":182.8166666667,"mean":3.9977798183,"min":0.0333333333,"std":3.9882459933},"cooling_pumps":{"3%":2.0833333333,"5%":2.0833333333,"50%":3.1333333333,"95%":5.2166666667,"97%":5.4666666667,"count":14353383.333333334,"max":100.0,"mean":3.488978615,"min":0.25,"std":0.964220135},"dishwasher":{"3%":0.0166666667,"5%":0.0166666667,"50%":0.0166666667,"95%":0.7,"97%":0.8,"count":6956816.666666667,"max":2.15,"mean":0.15096496,"min":0.0166666667,"std":0.23880138},"ev":{"3%":0.0166666667,"5%":0.0666666667,"50%":0.4666666667,"95%":1.0,"97%":1.0,"count":1719750.0,"max":4.05,"mean":0.5145407117,"min":0.0166666667,"std":0.3110655383},"freezer":{"3%":0.0166666667,"5%":0.0166666667,"50%":0.0166666667,"95%":0.05,"97%":0.05,"count":17671616.6666666679,"max":0.5333333333,"mean":0.0226432633,"min":0.0166666667,"std":0.0138654483},"grid_export":{"3%":0.0333333333,"5%":0.05,"50%":0.3666666667,"95%":1.6666666667,"97%":1.95,"count":16413616.666666666,"max":5.75,"mean":0.5399109517,"min":0.0166666667,"std":0.54680553},"grid_import":{"3%":0.0333333333,"5%":0.0333333333,"50%":0.1666666667,"95%":20.8333333333,"97%":25.0,"count":123780800.0,"max":1020.8333333333,"mean":3.5131489467,"min":0.0166666667,"std":7.7868331867},"heat_pump":{"3%":0.0333333333,"5%":0.0333333333,"50%":0.4166666667,"95%":1.1,"97%":1.3333333333,"count":8844633.333333334,"max":2.7666666667,"mean":0.4692849217,"min":0.0166666667,"std":0.4104594},"machine_1":{"3%":0.1166666667,"5%":0.1333333333,"50%":0.2666666667,"95%":8.8666666667,"97%":9.6333333333,"count":6059566.666666667,"max":146.6166666667,"mean":2.0455108633,"min":0.0333333333,"std":3.3476171667},"machine_2":{"3%":0.7833333333,"5%":1.3,"50%":2.6,"95%":4.1666666667,"97%":4.4333333333,"count":14194150.0,"max":36.6333333333,"mean":2.664923675,"min":0.2,"std":0.9783630883},"machine_3":{"3%":2.0833333333,"5%":2.0833333333,"50%":4.1666666667,"95%":6.7666666667,"97%":7.2833333333,"count":14332933.333333334,"max":76.7333333333,"mean":4.23099542,"min":0.4166666667,"std":1.508394765},"machine_4":{"3%":0.0333333333,"5%":0.05,"50%":0.1,"95%":0.45,"97%":0.5166666667,"count":722550.0,"max":1.8833333333,"mean":0.1783721233,"min":0.0166666667,"std":0.1537851117},"machine_5":{"3%":0.0333333333,"5%":0.05,"50%":0.0833333333,"95%":0.1833333333,"97%":0.2,"count":9871750.0,"max":3.8833333333,"mean":0.1167048233,"min":0.0166666667,"std":0.19282045},"pv_3":{"3%":0.05,"5%":0.05,"50%":0.4166666667,"95%":2.1833333333,"97%":2.7333333333,"count":38540300.0,"max":407.2666666667,"mean":0.69712792,"min":0.0166666667,"std":1.294481225},"pv_1":{"3%":0.0333333333,"5%":0.0333333333,"50%":0.2833333333,"95%":1.4166666667,"97%":1.6333333333,"count":7040800.0,"max":2.2333333333,"mean":0.4340312883,"min":0.0166666667,"std":0.4336897117},"pv_2":{"3%":0.0333333333,"5%":0.0333333333,"50%":0.2833333333,"95%":1.1333333333,"97%":1.25,"count":6057433.333333333,"max":2.0,"mean":0.38417078,"min":0.0166666667,"std":0.3342489433},"pv_facade":{"3%":0.05,"5%":0.05,"50%":0.2333333333,"95%":1.4833333333,"97%":1.5166666667,"count":5204200.0,"max":8.4,"mean":0.4481214967,"min":0.0166666667,"std":0.474667175},"pv_roof":{"3%":0.0333333333,"5%":0.05,"50%":0.5833333333,"95%":2.6666666667,"97%":2.8,"count":5966033.333333333,"max":50.5833333333,"mean":0.914404275,"min":0.0166666667,"std":0.8748540683},"refrigerator":{"3%":0.0166666667,"5%":0.0166666667,"50%":0.0166666667,"95%":0.0333333333,"97%":0.05,"count":24138616.6666666679,"max":0.1833333333,"mean":0.0209517783,"min":0.0166666667,"std":0.008448825},"storage_charge":{"3%":0.0166666667,"5%":0.0166666667,"50%":0.0166666667,"95%":0.4,"97%":0.4,"count":4033916.6666666665,"max":0.7833333333,"mean":0.1085654283,"min":0.0166666667,"std":0.142503895},"storage_decharge":{"3%":0.0166666667,"5%":0.0166666667,"50%":0.2833333333,"95%":0.3,"97%":0.3166666667,"count":1224766.6666666667,"max":0.5833333333,"mean":0.216493165,"min":0.0166666667,"std":0.104578585},"ventilation":{"3%":1.5666666667,"5%":1.8166666667,"50%":3.1166666667,"95%":10.4166666667,"97%":12.5,"count":14354300.0,"max":79.1666666667,"mean":3.7934365583,"min":0.25,"std":3.0717904267},"washing_machine":{"3%":0.0166666667,"5%":0.0166666667,"50%":0.0333333333,"95%":0.5666666667,"97%":0.5833333333,"count":8043300.0,"max":2.1166666667,"mean":0.11535733,"min":0.0166666667,"std":0.1831206183},"pv":{"3%":0.0388888889,"5%":0.0388888889,"50%":0.3277777778,"95%":1.5777777778,"97%":1.8722222222,"count":17212844.444444444,"max":137.1666666667,"mean":0.5051099961,"min":0.0166666667,"std":0.6874732933},"area_room":{"3%":0.1083333333,"5%":0.1125,"50%":1.5458333333,"95%":2.6958333333,"97%":2.925,"count":7781937.5,"max":11.4708333333,"mean":1.3932226883,"min":0.0333333333,"std":0.8720995742},"machine":{"3%":0.61,"5%":0.7233333333,"50%":1.4433333333,"95%":4.0866666667,"97%":4.4133333333,"count":9036190.0,"max":53.15,"mean":1.847301381,"min":0.1366666667,"std":1.2361961163}}