{"area_office":{"10%":5.0,"25%":10.0,"3%":5.0,"50%":13.0,"75%":25.0,"90%":40.0,"97%":64.0,"count":838583000.0,"max":756.0,"mean":19.1331413,"min":3.0,"std":16.7276309},"area_room":{"10%":9.25,"25%":53.75,"3%":6.5,"50%":92.75,"75%":108.25,"90%":137.75,"97%":175.5,"count":466916250.0,"max":688.25,"mean":83.5933613,"min":2.0,"std":52.3259744},"area_room_1":{"10%":2.0,"25%":4.0,"3%":2.0,"50%":5.0,"75%":6.0,"90%":25.0,"97%":45.0,"count":601826000.0,"max":485.0,"mean":9.9373158,"min":1.0,"std":14.6580237},"area_room_2":{"10%":17.0,"25%":19.0,"3%":15.0,"50%":23.0,"75%":35.0,"90%":67.0,"97%":103.0,"count":844688000.0,"max":1344.0,"mean":33.9508138,"min":3.0,"std":26.915147},"area_room_3":{"10%":3.0,"25%":5.0,"3%":2.0,"50%":20.0,"75%":25.0,"90%":45.0,"97%":62.0,"count":262544000.0,"max":114.0,"mean":20.9965415,"min":1.0,"std":16.7913117},"area_room_4":{"10%":15.0,"25%":187.0,"3%":7.0,"50%":323.0,"75%":367.0,"90%":414.0,"97%":492.0,"count":158607000.0,"max":810.0,"mean":269.4887741,"min":3.0,"std":150.9394154},"circulation_pump":{"10%":1.0,"25%":1.0,"3%":1.0,"50%":1.0,"75%":1.0,"90%":2.0,"97%":3.0,"count":2695362000.0,"max":32.0,"mean":1.3344998,"min":1.0,"std":0.7381969},"compressor":{"10%":15.0,"25%":16.0,"3%":8.0,"50%":31.0,"75%":125.0,"90%":203.0,"97%":250.0,"count":691497000.0,"max":5125.0,"mean":70.9112751,"min":5.0,"std":74.6658593},"cooling_aggregate":{"10%":8.0,"25%":15.0,"3%":7.0,"50%":31.0,"75%":500.0,"90%":531.0,"97%":547.0,"count":280983000.0,"max":10969.0,"mean":239.8667891,"min":2.0,"std":239.2947596},"cooling_pumps":{"10%":141.0,"25%":157.0,"3%":125.0,"50%":188.0,"75%":250.0,"90%":282.0,"97%":328.0,"count":861203000.0,"max":6000.0,"mean":209.3387169,"min":15.0,"std":57.8532081},"dishwasher":{"10%":1.0,"25%":1.0,"3%":1.0,"50%":1.0,"75%":14.0,"90%":32.0,"97%":48.0,"count":417409000.0,"max":129.0,"mean":9.0578976,"min":1.0,"std":14.3280828},"ev":{"10%":7.0,"25%":17.0,"3%":1.0,"50%":28.0,"75%":45.0,"90%":59.0,"97%":60.0,"count":103185000.0,"max":243.0,"mean":30.8724427,"min":1.0,"std":18.6639323},"freezer":{"10%":1.0,"25%":1.0,"3%":1.0,"50%":1.0,"75%":2.0,"90%":2.0,"97%":3.0,"count":1060297000.0,"max":32.0,"mean":1.3585958,"min":1.0,"std":0.8319269},"grid_export":{"10%":5.0,"25%":9.0,"3%":2.0,"50%":22.0,"75%":45.0,"90%":75.0,"97%":117.0,"count":984817000.0,"max":345.0,"mean":32.3946571,"min":1.0,"std":32.8083318},"grid_import":{"10%":3.0,"25%":5.0,"3%":2.0,"50%":10.0,"75%":59.0,"90%":750.0,"97%":1500.0,"count":7426848000.0,"max":61250.0,"mean":210.7889368,"min":1.0,"std":467.2099912},"heat_pump":{"10%":2.0,"25%":3.0,"3%":2.0,"50%":25.0,"75%":45.0,"90%":61.0,"97%":80.0,"count":530678000.0,"max":166.0,"mean":28.1570953,"min":1.0,"std":24.627564},"machine":{"10%":55.8,"25%":67.2,"3%":36.6,"50%":86.6,"75%":113.8,"90%":224.8,"97%":264.8,"count":542171400.0,"max":3189.0,"mean":110.8380829,"min":8.2,"std":74.171767},"machine_1":{"10%":8.0,"25%":15.0,"3%":7.0,"50%":16.0,"75%":47.0,"90%":484.0,"97%":578.0,"count":363574000.0,"max":8797.0,"mean":122.7306518,"min":2.0,"std":200.85703},"machine_2":{"10%":109.0,"25%":125.0,"3%":47.0,"50%":156.0,"75%":187.0,"90%":234.0,"97%":266.0,"count":851649000.0,"max":2198.0,"mean":159.8954205,"min":12.0,"std":58.7017853},"machine_3":{"10%":156.0,"25%":188.0,"3%":125.0,"50%":250.0,"75%":312.0,"90%":375.0,"97%":437.0,"count":859976000.0,"max":4604.0,"mean":253.8597252,"min":25.0,"std":90.5036859},"machine_4":{"10%":3.0,"25%":4.0,"3%":2.0,"50%":6.0,"75%":16.0,"90%":21.0,"97%":31.0,"count":43353000.0,"max":113.0,"mean":10.7023274,"min":1.0,"std":9.2271067},"machine_5":{"10%":3.0,"25%":4.0,"3%":2.0,"50%":5.0,"75%":7.0,"90%":10.0,"97%":12.0,"count":592305000.0,"max":233.0,"mean":7.0022894,"min":1.0,"std":11.569227},"pv":{"10%":3.6666667,"25%":7.3333333,"3%":2.3333333,"50%":19.6666667,"75%":44.3333333,"90%":70.6666667,"97%":112.3333333,"count":1032770666.6666666269,"max":8230.0,"mean":30.3065998,"min":1.0,"std":41.2483976},"pv_1":{"10%":3.0,"25%":5.0,"3%":2.0,"50%":17.0,"75%":40.0,"90%":58.0,"97%":98.0,"count":422448000.0,"max":134.0,"mean":26.0418773,"min":1.0,"std":26.0213827},"pv_2":{"10%":3.0,"25%":7.0,"3%":2.0,"50%":17.0,"75%":35.0,"90%":50.0,"97%":75.0,"count":363446000.0,"max":120.0,"mean":23.0502468,"min":1.0,"std":20.0549366},"pv_3":{"10%":5.0,"25%":10.0,"3%":3.0,"50%":25.0,"75%":58.0,"90%":104.0,"97%":164.0,"count":2312418000.0,"max":24436.0,"mean":41.8276752,"min":1.0,"std":77.6688735},"pv_facade":{"10%":4.0,"25%":6.0,"3%":3.0,"50%":14.0,"75%":39.0,"90%":79.0,"97%":91.0,"count":312252000.0,"max":504.0,"mean":26.8872898,"min":1.0,"std":28.4800305},"pv_roof":{"10%":4.0,"25%":12.0,"3%":2.0,"50%":35.0,"75%":90.0,"90%":143.0,"97%":168.0,"count":357962000.0,"max":3035.0,"mean":54.8642565,"min":1.0,"std":52.4912441},"refrigerator":{"10%":1.0,"25%":1.0,"3%":1.0,"50%":1.0,"75%":1.0,"90%":2.0,"97%":3.0,"count":1448317000.0,"max":11.0,"mean":1.2571067,"min":1.0,"std":0.5069295},"storage_charge":{"10%":1.0,"25%":1.0,"3%":1.0,"50%":1.0,"75%":12.0,"90%":22.0,"97%":24.0,"count":242035000.0,"max":47.0,"mean":6.5139257,"min":1.0,"std":8.5502337},"storage_decharge":{"10%":2.0,"25%":8.0,"3%":1.0,"50%":17.0,"75%":18.0,"90%":18.0,"97%":19.0,"count":73486000.0,"max":35.0,"mean":12.9895899,"min":1.0,"std":6.2747151},"ventilation":{"10%":125.0,"25%":125.0,"3%":94.0,"50%":187.0,"75%":234.0,"90%":453.0,"97%":750.0,"count":861258000.0,"max":4750.0,"mean":227.6061935,"min":15.0,"std":184.3074256},"washing_machine":{"10%":1.0,"25%":1.0,"3%":1.0,"50%":2.0,"75%":4.0,"90%":29.0,"97%":35.0,"count":482598000.0,"max":127.0,"mean":6.9214398,"min":1.0,"std":10.9872371}}