{"area_office":{"count":838583.0,"mean":0.3188856877,"std":0.2787938487,"min":0.05,"3%":0.0833333333,"10%":0.0833333333,"25%":0.1666666667,"50%":0.2166666667,"75%":0.4166666667,"90%":0.6666666667,"97%":1.0666666667,"max":12.6},"area_room_1":{"count":601826.0,"mean":0.1656219295,"std":0.2443003948,"min":0.0166666667,"3%":0.0333333333,"10%":0.0333333333,"25%":0.0666666667,"50%":0.0833333333,"75%":0.1,"90%":0.4166666667,"97%":0.75,"max":8.0833333333},"area_room_2":{"count":844688.0,"mean":0.5658468965,"std":0.4485857837,"min":0.05,"3%":0.25,"10%":0.2833333333,"25%":0.3166666667,"50%":0.3833333333,"75%":0.5833333333,"90%":1.1166666667,"97%":1.7166666667,"max":22.4},"area_room_3":{"count":262544.0,"mean":0.3499423589,"std":0.2798551952,"min":0.0166666667,"3%":0.0333333333,"10%":0.05,"25%":0.0833333333,"50%":0.3333333333,"75%":0.4166666667,"90%":0.75,"97%":1.0333333333,"max":1.9},"area_room_4":{"count":158607.0,"mean":4.491479569,"std":2.5156569227,"min":0.05,"3%":0.1166666667,"10%":0.25,"25%":3.1166666667,"50%":5.3833333333,"75%":6.1166666667,"90%":6.9,"97%":8.2,"max":13.5},"circulation_pump":{"count":2695362.0,"mean":0.022241663,"std":0.0123032818,"min":0.0166666667,"3%":0.0166666667,"10%":0.0166666667,"25%":0.0166666667,"50%":0.0166666667,"75%":0.0166666667,"90%":0.0333333333,"97%":0.05,"max":0.5333333333},"compressor":{"count":691497.0,"mean":1.1818545851,"std":1.2444309876,"min":0.0833333333,"3%":0.1333333333,"10%":0.25,"25%":0.2666666667,"50%":0.5166666667,"75%":2.0833333333,"90%":3.3833333333,"97%":4.1666666667,"max":85.4166666667},"cooling_aggregate":{"count":280983.0,"mean":3.9977798182,"std":3.9882459925,"min":0.0333333333,"3%":0.1166666667,"10%":0.1333333333,"25%":0.25,"50%":0.5166666667,"75%":8.3333333333,"90%":8.85,"97%":9.1166666667,"max":182.8166666667},"cooling_pumps":{"count":861203.0,"mean":3.4889786148,"std":0.9642201352,"min":0.25,"3%":2.0833333333,"10%":2.35,"25%":2.6166666667,"50%":3.1333333333,"75%":4.1666666667,"90%":4.7,"97%":5.4666666667,"max":100.0},"dishwasher":{"count":417409.0,"mean":0.1509649608,"std":0.2388013799,"min":0.0166666667,"3%":0.0166666667,"10%":0.0166666667,"25%":0.0166666667,"50%":0.0166666667,"75%":0.2333333333,"90%":0.5333333333,"97%":0.8,"max":2.15},"ev":{"count":103185.0,"mean":0.5145407117,"std":0.3110655388,"min":0.0166666667,"3%":0.0166666667,"10%":0.1166666667,"25%":0.2833333333,"50%":0.4666666667,"75%":0.75,"90%":0.9833333333,"97%":1.0,"max":4.05},"freezer":{"count":1060297.0,"mean":0.0226432625,"std":0.013865449,"min":0.0166666667,"3%":0.0166666667,"10%":0.0166666667,"25%":0.0166666667,"50%":0.0166666667,"75%":0.0333333333,"90%":0.0333333333,"97%":0.05,"max":0.5333333333},"grid_export":{"count":984817.0,"mean":0.5399109513,"std":0.5468055302,"min":0.0166666667,"3%":0.0333333333,"10%":0.0833333333,"25%":0.15,"50%":0.3666666667,"75%":0.75,"90%":1.25,"97%":1.95,"max":5.75},"grid_import":{"count":7426848.0,"mean":3.5131489474,"std":7.7868331872,"min":0.0166666667,"3%":0.0333333333,"10%":0.05,"25%":0.0833333333,"50%":0.1666666667,"75%":0.9833333333,"90%":12.5,"97%":25.0,"max":1020.8333333333},"heat_pump":{"count":530678.0,"mean":0.4692849211,"std":0.4104594006,"min":0.0166666667,"3%":0.0333333333,"10%":0.0333333333,"25%":0.05,"50%":0.4166666667,"75%":0.75,"90%":1.0166666667,"97%":1.3333333333,"max":2.7666666667},"machine_1":{"count":363574.0,"mean":2.0455108634,"std":3.3476171666,"min":0.0333333333,"3%":0.1166666667,"10%":0.1333333333,"25%":0.25,"50%":0.2666666667,"75%":0.7833333333,"90%":8.0666666667,"97%":9.6333333333,"max":146.6166666667},"machine_2":{"count":851649.0,"mean":2.6649236755,"std":0.978363089,"min":0.2,"3%":0.7833333333,"10%":1.8166666667,"25%":2.0833333333,"50%":2.6,"75%":3.1166666667,"90%":3.9,"97%":4.4333333333,"max":36.6333333333},"machine_3":{"count":859976.0,"mean":4.2309954193,"std":1.5083947656,"min":0.4166666667,"3%":2.0833333333,"10%":2.6,"25%":3.1333333333,"50%":4.1666666667,"75%":5.2,"90%":6.25,"97%":7.2833333333,"max":76.7333333333},"machine_4":{"count":43353.0,"mean":0.1783721234,"std":0.153785112,"min":0.0166666667,"3%":0.0333333333,"10%":0.05,"25%":0.0666666667,"50%":0.1,"75%":0.2666666667,"90%":0.35,"97%":0.5166666667,"max":1.8833333333},"machine_5":{"count":592305.0,"mean":0.1167048227,"std":0.1928204494,"min":0.0166666667,"3%":0.0333333333,"10%":0.05,"25%":0.0666666667,"50%":0.0833333333,"75%":0.1166666667,"90%":0.1666666667,"97%":0.2,"max":3.8833333333},"pv_3":{"count":2312418.0,"mean":0.6971279198,"std":1.2944812249,"min":0.0166666667,"3%":0.05,"10%":0.0833333333,"25%":0.1666666667,"50%":0.4166666667,"75%":0.9666666667,"90%":1.7333333333,"97%":2.7333333333,"max":407.2666666667},"pv_1":{"count":422448.0,"mean":0.4340312891,"std":0.4336897117,"min":0.0166666667,"3%":0.0333333333,"10%":0.05,"25%":0.0833333333,"50%":0.2833333333,"75%":0.6666666667,"90%":0.9666666667,"97%":1.6333333333,"max":2.2333333333},"pv_2":{"count":363446.0,"mean":0.3841707801,"std":0.3342489436,"min":0.0166666667,"3%":0.0333333333,"10%":0.05,"25%":0.1166666667,"50%":0.2833333333,"75%":0.5833333333,"90%":0.8333333333,"97%":1.25,"max":2.0},"pv_facade":{"count":312252.0,"mean":0.4481214959,"std":0.4746671743,"min":0.0166666667,"3%":0.05,"10%":0.0666666667,"25%":0.1,"50%":0.2333333333,"75%":0.65,"90%":1.3166666667,"97%":1.5166666667,"max":8.4},"pv_roof":{"count":357962.0,"mean":0.9144042757,"std":0.8748540691,"min":0.0166666667,"3%":0.0333333333,"10%":0.0666666667,"25%":0.2,"50%":0.5833333333,"75%":1.5,"90%":2.3833333333,"97%":2.8,"max":50.5833333333},"refrigerator":{"count":1448317.0,"mean":0.0209517783,"std":0.0084488252,"min":0.0166666667,"3%":0.0166666667,"10%":0.0166666667,"25%":0.0166666667,"50%":0.0166666667,"75%":0.0166666667,"90%":0.0333333333,"97%":0.05,"max":0.1833333333},"storage_charge":{"count":242035.0,"mean":0.1085654279,"std":0.1425038953,"min":0.0166666667,"3%":0.0166666667,"10%":0.0166666667,"25%":0.0166666667,"50%":0.0166666667,"75%":0.2,"90%":0.3666666667,"97%":0.4,"max":0.7833333333},"storage_decharge":{"count":73486.0,"mean":0.2164931642,"std":0.1045785845,"min":0.0166666667,"3%":0.0166666667,"10%":0.0333333333,"25%":0.1333333333,"50%":0.2833333333,"75%":0.3,"90%":0.3,"97%":0.3166666667,"max":0.5833333333},"ventilation":{"count":861258.0,"mean":3.7934365583,"std":3.0717904273,"min":0.25,"3%":1.5666666667,"10%":2.0833333333,"25%":2.0833333333,"50%":3.1166666667,"75%":3.9,"90%":7.55,"97%":12.5,"max":79.1666666667},"washing_machine":{"count":482598.0,"mean":0.1153573298,"std":0.1831206189,"min":0.0166666667,"3%":0.0166666667,"10%":0.0166666667,"25%":0.0166666667,"50%":0.0333333333,"75%":0.0666666667,"90%":0.4833333333,"97%":0.5833333333,"max":2.1166666667},"pv":{"count":1032770.6666666666,"mean":0.5051099963,"std":0.6874732934,"min":0.0166666667,"3%":0.0388888889,"10%":0.0611111111,"25%":0.1222222222,"50%":0.3277777778,"75%":0.7388888889,"90%":1.1777777778,"97%":1.8722222222,"max":137.1666666667},"machine":{"count":542171.4,"mean":1.8473013809,"std":1.2361961165,"min":0.1366666667,"3%":0.61,"10%":0.93,"25%":1.12,"50%":1.4433333333,"75%":1.8966666667,"90%":3.7466666667,"97%":4.4133333333,"max":53.15},"area_room":{"count":466916.25,"mean":1.3932226885,"std":0.8720995741,"min":0.0333333333,"3%":0.1083333333,"10%":0.1541666667,"25%":0.8958333333,"50%":1.5458333333,"75%":1.8041666667,"90%":2.2958333333,"97%":2.925,"max":11.4708333333}}