{"area_office":{"count":838583.0,"mean":0.0191331413,"std":0.0167276309,"min":0.003,"3%":0.005,"10%":0.005,"25%":0.01,"50%":0.013,"75%":0.025,"90%":0.04,"97%":0.064,"max":0.756},"area_room_1":{"count":601826.0,"mean":0.0099373158,"std":0.0146580237,"min":0.001,"3%":0.002,"10%":0.002,"25%":0.004,"50%":0.005,"75%":0.006,"90%":0.025,"97%":0.045,"max":0.485},"area_room_2":{"count":844688.0,"mean":0.0339508138,"std":0.026915147,"min":0.003,"3%":0.015,"10%":0.017,"25%":0.019,"50%":0.023,"75%":0.035,"90%":0.067,"97%":0.103,"max":1.344},"area_room_3":{"count":262544.0,"mean":0.0209965415,"std":0.0167913117,"min":0.001,"3%":0.002,"10%":0.003,"25%":0.005,"50%":0.02,"75%":0.025,"90%":0.045,"97%":0.062,"max":0.114},"area_room_4":{"count":158607.0,"mean":0.2694887741,"std":0.1509394154,"min":0.003,"3%":0.007,"10%":0.015,"25%":0.187,"50%":0.323,"75%":0.367,"90%":0.414,"97%":0.492,"max":0.81},"circulation_pump":{"count":2695362.0,"mean":0.0013344998,"std":0.0007381969,"min":0.001,"3%":0.001,"10%":0.001,"25%":0.001,"50%":0.001,"75%":0.001,"90%":0.002,"97%":0.003,"max":0.032},"compressor":{"count":691497.0,"mean":0.0709112751,"std":0.0746658593,"min":0.005,"3%":0.008,"10%":0.015,"25%":0.016,"50%":0.031,"75%":0.125,"90%":0.203,"97%":0.25,"max":5.125},"cooling_aggregate":{"count":280983.0,"mean":0.2398667891,"std":0.2392947596,"min":0.002,"3%":0.007,"10%":0.008,"25%":0.015,"50%":0.031,"75%":0.5,"90%":0.531,"97%":0.547,"max":10.969},"cooling_pumps":{"count":861203.0,"mean":0.2093387169,"std":0.0578532081,"min":0.015,"3%":0.125,"10%":0.141,"25%":0.157,"50%":0.188,"75%":0.25,"90%":0.282,"97%":0.328,"max":6.0},"dishwasher":{"count":417409.0,"mean":0.0090578976,"std":0.0143280828,"min":0.001,"3%":0.001,"10%":0.001,"25%":0.001,"50%":0.001,"75%":0.014,"90%":0.032,"97%":0.048,"max":0.129},"ev":{"count":103185.0,"mean":0.0308724427,"std":0.0186639323,"min":0.001,"3%":0.001,"10%":0.007,"25%":0.017,"50%":0.028,"75%":0.045,"90%":0.059,"97%":0.06,"max":0.243},"freezer":{"count":1060297.0,"mean":0.0013585958,"std":0.0008319269,"min":0.001,"3%":0.001,"10%":0.001,"25%":0.001,"50%":0.001,"75%":0.002,"90%":0.002,"97%":0.003,"max":0.032},"grid_export":{"count":984817.0,"mean":0.0323946571,"std":0.0328083318,"min":0.001,"3%":0.002,"10%":0.005,"25%":0.009,"50%":0.022,"75%":0.045,"90%":0.075,"97%":0.117,"max":0.345},"grid_import":{"count":7426848.0,"mean":0.2107889368,"std":0.4672099912,"min":0.001,"3%":0.002,"10%":0.003,"25%":0.005,"50%":0.01,"75%":0.059,"90%":0.75,"97%":1.5,"max":61.25},"heat_pump":{"count":530678.0,"mean":0.0281570953,"std":0.024627564,"min":0.001,"3%":0.002,"10%":0.002,"25%":0.003,"50%":0.025,"75%":0.045,"90%":0.061,"97%":0.08,"max":0.166},"machine_1":{"count":363574.0,"mean":0.1227306518,"std":0.20085703,"min":0.002,"3%":0.007,"10%":0.008,"25%":0.015,"50%":0.016,"75%":0.047,"90%":0.484,"97%":0.578,"max":8.797},"machine_2":{"count":851649.0,"mean":0.1598954205,"std":0.0587017853,"min":0.012,"3%":0.047,"10%":0.109,"25%":0.125,"50%":0.156,"75%":0.187,"90%":0.234,"97%":0.266,"max":2.198},"machine_3":{"count":859976.0,"mean":0.2538597252,"std":0.0905036859,"min":0.025,"3%":0.125,"10%":0.156,"25%":0.188,"50%":0.25,"75%":0.312,"90%":0.375,"97%":0.437,"max":4.604},"machine_4":{"count":43353.0,"mean":0.0107023274,"std":0.0092271067,"min":0.001,"3%":0.002,"10%":0.003,"25%":0.004,"50%":0.006,"75%":0.016,"90%":0.021,"97%":0.031,"max":0.113},"machine_5":{"count":592305.0,"mean":0.0070022894,"std":0.011569227,"min":0.001,"3%":0.002,"10%":0.003,"25%":0.004,"50%":0.005,"75%":0.007,"90%":0.01,"97%":0.012,"max":0.233},"pv_3":{"count":2312418.0,"mean":0.0418276752,"std":0.0776688735,"min":0.001,"3%":0.003,"10%":0.005,"25%":0.01,"50%":0.025,"75%":0.058,"90%":0.104,"97%":0.164,"max":24.436},"pv_1":{"count":422448.0,"mean":0.0260418773,"std":0.0260213827,"min":0.001,"3%":0.002,"10%":0.003,"25%":0.005,"50%":0.017,"75%":0.04,"90%":0.058,"97%":0.098,"max":0.134},"pv_2":{"count":363446.0,"mean":0.0230502468,"std":0.0200549366,"min":0.001,"3%":0.002,"10%":0.003,"25%":0.007,"50%":0.017,"75%":0.035,"90%":0.05,"97%":0.075,"max":0.12},"pv_facade":{"count":312252.0,"mean":0.0268872898,"std":0.0284800305,"min":0.001,"3%":0.003,"10%":0.004,"25%":0.006,"50%":0.014,"75%":0.039,"90%":0.079,"97%":0.091,"max":0.504},"pv_roof":{"count":357962.0,"mean":0.0548642565,"std":0.0524912441,"min":0.001,"3%":0.002,"10%":0.004,"25%":0.012,"50%":0.035,"75%":0.09,"90%":0.143,"97%":0.168,"max":3.035},"refrigerator":{"count":1448317.0,"mean":0.0012571067,"std":0.0005069295,"min":0.001,"3%":0.001,"10%":0.001,"25%":0.001,"50%":0.001,"75%":0.001,"90%":0.002,"97%":0.003,"max":0.011},"storage_charge":{"count":242035.0,"mean":0.0065139257,"std":0.0085502337,"min":0.001,"3%":0.001,"10%":0.001,"25%":0.001,"50%":0.001,"75%":0.012,"90%":0.022,"97%":0.024,"max":0.047},"storage_decharge":{"count":73486.0,"mean":0.0129895899,"std":0.0062747151,"min":0.001,"3%":0.001,"10%":0.002,"25%":0.008,"50%":0.017,"75%":0.018,"90%":0.018,"97%":0.019,"max":0.035},"ventilation":{"count":861258.0,"mean":0.2276061935,"std":0.1843074256,"min":0.015,"3%":0.094,"10%":0.125,"25%":0.125,"50%":0.187,"75%":0.234,"90%":0.453,"97%":0.75,"max":4.75},"washing_machine":{"count":482598.0,"mean":0.0069214398,"std":0.0109872371,"min":0.001,"3%":0.001,"10%":0.001,"25%":0.001,"50%":0.002,"75%":0.004,"90%":0.029,"97%":0.035,"max":0.127},"pv":{"count":1032770.6666666666,"mean":0.0303065998,"std":0.0412483976,"min":0.001,"3%":0.0023333333,"10%":0.0036666667,"25%":0.0073333333,"50%":0.0196666667,"75%":0.0443333333,"90%":0.0706666667,"97%":0.1123333333,"max":8.23},"machine":{"count":542171.4,"mean":0.1108380829,"std":0.074171767,"min":0.0082,"3%":0.0366,"10%":0.0558,"25%":0.0672,"50%":0.0866,"75%":0.1138,"90%":0.2248,"97%":0.2648,"max":3.189},"area_room":{"count":466916.25,"mean":0.0835933613,"std":0.0523259744,"min":0.002,"3%":0.0065,"10%":0.00925,"25%":0.05375,"50%":0.09275,"75%":0.10825,"90%":0.13775,"97%":0.1755,"max":0.68825}}